"","rhs","est.std"
"1","cog_vnr",0.532301739758971
"2","cog_vismem",-0.316863392377646
"3","cog_rt",-0.288438022079271
"4","cog_prosmem",0.341203770440051
"5","cfi",0.990739970409443
"6","tli",0.972219911228329
"7","rmsea",0.0217734587364451
"8","srmr",0.00937709776653204
