"","rhs","est.std"
"1","cog_vnr",0.533716912159889
"2","cog_vismem",-0.315259626018112
"3","cog_rt",-0.287676393829277
"4","cog_prosmem",0.340798457669471
"5","cfi",0.990875441870235
"6","tli",0.972626325610704
"7","rmsea",0.0215819937521283
"8","srmr",0.00931649045037568
