"","rhs","est.std"
"1","cog_vnr",0.533491281218862
"2","cog_vismem",-0.315528664074631
"3","cog_rt",-0.288185779848804
"4","cog_prosmem",0.341318304282859
"5","cfi",0.991219169673719
"6","tli",0.973657509021157
"7","rmsea",0.0211951881541077
"8","srmr",0.00917154124582448
