"","rhs","est.std"
"1","cog_vnr",0.524074894516289
"2","cog_vismem",-0.303699038920886
"3","cog_rt",-0.286357683903634
"4","cog_prosmem",0.318308628684379
"5","cfi",0.988972314300765
"6","tli",0.966916942902295
"7","rmsea",0.0223409118921331
"8","srmr",0.0100552488672785
