"","rhs","est.std"
"1","cog_vnr",0.524074881056565
"2","cog_vismem",-0.30369905205067
"3","cog_rt",-0.286357685655993
"4","cog_prosmem",0.318308630957401
"5","cfi",0.988972306671895
"6","tli",0.966916920015685
"7","rmsea",0.0223409197623574
"8","srmr",0.0100552515753568
