"","rhs","est.std"
"1","cardio_hypertension",0.297004504126887
"2","cardio_pack_years",0.179491886127539
"3","cardio_sbp",0.365185950865884
"4","cardio_dbp",0.399179134212407
"5","cardio_diabetes",0.212808541022167
"6","cardio_hyperchol",0.233685290945017
"7","cardio_bmi",0.623675083124035
"8","cardio_whr",0.742521204166132
"9","cfi",0.976647367419322
"10","tli",0.945510523978418
"11","rmsea",0.0535429326690344
"12","srmr",0.0291780963259596
