"","rhs","est.std"
"1","cardio_hypertension",0.315144665168109
"2","cardio_pack_years",0.188393784097212
"3","cardio_sbp",0.357712061260006
"4","cardio_dbp",0.386357860427932
"5","cardio_diabetes",0.223148978820929
"6","cardio_hyperchol",0.242148114389489
"7","cardio_bmi",0.610238066379406
"8","cardio_whr",0.743553813333875
"9","cfi",0.975397447974291
"10","tli",0.942594045273346
"11","rmsea",0.0543071512949502
"12","srmr",0.0294019910192831
