"","rhs","est.std"
"1","cardio_hypertension",0.315144839301015
"2","cardio_pack_years",0.188393646497002
"3","cardio_sbp",0.357712194246029
"4","cardio_dbp",0.386358157904234
"5","cardio_diabetes",0.223149716569024
"6","cardio_hyperchol",0.242148313678038
"7","cardio_bmi",0.610237677885292
"8","cardio_whr",0.743553734307352
"9","cfi",0.975397448197995
"10","tli",0.942594045795321
"11","rmsea",0.0543071510725137
"12","srmr",0.0294019999043752
