"","rhs","est.std"
"1","cardio_hypertension",0.315077137545199
"2","cardio_pack_years",0.189397681482276
"3","cardio_sbp",0.356921600915833
"4","cardio_dbp",0.386070268961617
"5","cardio_diabetes",0.22610209856143
"6","cardio_hyperchol",0.243378137832061
"7","cardio_bmi",0.610314893185075
"8","cardio_whr",0.744052694401079
"9","cfi",0.974998135280524
"10","tli",0.941662315654555
"11","rmsea",0.0548031737642303
"12","srmr",0.0296710866007146
