"","rhs","est.std"
"1","cardio_hypertension",0.316596009424978
"2","cardio_pack_years",0.189244922610301
"3","cardio_sbp",0.356851549547543
"4","cardio_dbp",0.38596013482131
"5","cardio_diabetes",0.225682507541382
"6","cardio_hyperchol",0.243010149959092
"7","cardio_bmi",0.610080160304246
"8","cardio_whr",0.744042512618546
"9","cfi",0.974968544558646
"10","tli",0.941593270636841
"11","rmsea",0.0548196557980028
"12","srmr",0.0296800783171805
