"","PC1","PC2","PC3","PC4"
"cog_vnr",-0.578722233911427,0.183700536152685,0.0666472073101969,0.791765646357264
"cog_vismem",0.474013554962362,0.424203381802531,-0.707627752610881,0.307612750571418
"cog_rt",0.451197129869021,0.544668510256894,0.691866496323676,0.145183040322535
"cog_prosmem",-0.486634231930378,0.699744108813392,-0.127050638555763,-0.50734942765027
