"","lhs","op","rhs","est.std","se","z","pvalue","ci.lower","ci.upper"
"1","g","=~","cog_vnr",0.533716912159889,0.0197105093400149,27.0777838843755,0,0.495085023736519,0.572348800583258
"2","g","=~","cog_vismem",-0.315259626018112,0.0149479549298948,-21.0904854541417,0,-0.344557079323234,-0.285962172712991
"3","g","=~","cog_rt",-0.287676393829277,0.014682016236825,-19.5937934673941,0,-0.316452616873886,-0.258900170784668
"4","g","=~","cog_prosmem",0.340798457669471,0.0153015390485202,22.2721686092374,0,0.310807992226338,0.370788923112604
"5","cog_vnr","~~","cog_vnr",0.715146257674514,0.0210396637354227,33.990384383876,0,0.673909274506252,0.756383240842776
"6","cog_vismem","~~","cog_vismem",0.90061136820292,0.00942497272217146,95.5558593909038,0,0.882138761112191,0.919083975293648
"7","cog_rt","~~","cog_rt",0.917242292433383,0.00844733759444068,108.583595976682,0,0.900685814983028,0.933798769883738
"8","cog_prosmem","~~","cog_prosmem",0.88385641125011,0.0104294827220916,84.7459490371402,0,0.863415000737427,0.904297821762792
"9","g","~~","g",1,0,NA,NA,1,1
