"","lhs","op","rhs","est.std","se","z","pvalue","ci.lower","ci.upper"
"1","g","=~","cog_vnr",0.524074894516289,0.0269312660415074,19.4597199295632,0,0.471290583016868,0.57685920601571
"2","g","=~","cog_vismem",-0.303699038920886,0.0199620232010422,-15.2138405943256,0,-0.342823885453482,-0.26457419238829
"3","g","=~","cog_rt",-0.286357683903634,0.0196913685146124,-14.5422946958275,0,-0.32495205699858,-0.247763310808688
"4","g","=~","cog_prosmem",0.318308628684379,0.0202436660673815,15.7238628430681,0,0.278631772277256,0.357985485091503
"5","cog_vnr","~~","cog_vnr",0.72534550493774,0.0282280001263365,25.6959579740472,0,0.670019641334529,0.780671368540952
"6","cog_vismem","~~","cog_vismem",0.90776689375853,0.0121248939078237,74.8680277666419,0,0.884002538382827,0.931531249134234
"7","cog_rt","~~","cog_rt",0.917999276869346,0.0112775474800401,81.4006128986905,0,0.895895689974527,0.940102863764166
"8","cog_prosmem","~~","cog_prosmem",0.89867961690507,0.0128874679812229,69.732830235889,0,0.87342064380996,0.92393859000018
"9","g","~~","g",1,0,NA,NA,1,1
