"","lhs","op","rhs","est.std","se","z","pvalue","ci.lower","ci.upper"
"1","g","=~","cog_vnr",0.532301739758971,0.0196081677601336,27.1469392893109,0,0.49387043714629,0.570733042371652
"2","g","=~","cog_vismem",-0.316863392377646,0.0149440209891105,-21.2033556837575,0,-0.346153135300513,-0.287573649454779
"3","g","=~","cog_rt",-0.288438022079271,0.0146709771156934,-19.6604506846877,0,-0.317192608844042,-0.259683435314501
"4","g","=~","cog_prosmem",0.341203770440051,0.0152789687151271,22.3315969030187,0,0.311257542037487,0.371149998842614
"5","cog_vnr","~~","cog_vnr",0.716654857849573,0.0208749232551538,34.3308978476191,0,0.675740760089434,0.757568955609711
"6","cog_vismem","~~","cog_vismem",0.89959759057093,0.00947042597707528,94.9901929172514,0,0.88103589673761,0.91815928440425
"7","cog_rt","~~","cog_rt",0.916803507418998,0.00846333359010841,108.326523781423,0,0.900215678393237,0.933391336444758
"8","cog_prosmem","~~","cog_prosmem",0.883579987037493,0.0104264840707615,84.7438101895995,0,0.86314445377342,0.904015520301566
"9","g","~~","g",1,0,NA,NA,1,1
