"","lhs","op","rhs","est.std","se","z","pvalue","ci.lower","ci.upper"
"1","g","=~","cog_vnr",0.528710874238932,0.0190156173844838,27.8040341025343,0,0.49144094902155,0.565980799456314
"2","g","=~","cog_vismem",-0.317575813394955,0.014634221096499,-21.7009030614502,0,-0.346258359685889,-0.28889326710402
"3","g","=~","cog_rt",-0.290284941481825,0.0143864414201701,-20.1776751459079,0,-0.318481848531053,-0.262088034432596
"4","g","=~","cog_prosmem",0.345939635892513,0.0150122723138401,23.043789018774,0,0.316516122831279,0.375363148953747
"5","cog_vnr","~~","cog_vnr",0.720464811461504,0.0201075279211924,35.8306010706652,0,0.681054780917834,0.759874842005175
"6","cog_vismem","~~","cog_vismem",0.899145602746533,0.00929494882276412,96.7348631919789,0,0.880927837815772,0.917363367677294
"7","cog_rt","~~","cog_rt",0.915734652748894,0.00835233319185037,109.638185129205,0,0.899364380505988,0.932104924991799
"8","cog_prosmem","~~","cog_prosmem",0.880325768318556,0.0103866804596396,84.7552566712063,0,0.859968248698736,0.900683287938375
"9","g","~~","g",1,0,NA,NA,1,1
