"","lhs","op","rhs","est.std","se","z","pvalue","ci.lower","ci.upper"
"1","g","=~","cog_vnr",0.533491281218862,0.0196469022684914,27.1539642193083,0,0.494984060364841,0.571998502072883
"2","g","=~","cog_vismem",-0.315528664074631,0.014920706525786,-21.1470323827718,0,-0.344772711489063,-0.286284616660198
"3","g","=~","cog_rt",-0.288185779848804,0.0146586995352374,-19.6597098641695,0,-0.316916302998063,-0.259455256699545
"4","g","=~","cog_prosmem",0.341318304282859,0.0152758255728059,22.3436895541984,0,0.311378236326044,0.371258372239675
"5","cog_vnr","~~","cog_vnr",0.715387052863457,0.0209629020440533,34.1263366760995,0,0.674300519845672,0.756473585881243
"6","cog_vismem","~~","cog_vismem",0.900441662147279,0.00941582093005865,95.6307122698935,0,0.881986992239486,0.918896332055072
"7","cog_rt","~~","cog_rt",0.916948956292937,0.00844885599748235,108.529362622132,0,0.900389502827306,0.933508409758567
"8","cog_prosmem","~~","cog_prosmem",0.883501815161474,0.0104278385315172,84.7253064468893,0,0.863063627203101,0.903940003119846
"9","g","~~","g",1,0,NA,NA,1,1
