"","lhs","op","rhs","est.std","se","z","pvalue","ci.lower","ci.upper"
"1","g","=~","cog_vnr",0.524074881056565,0.0269312645646804,19.4597204968932,0,0.471290572451671,0.576859189661458
"2","g","=~","cog_vismem",-0.30369905205067,0.0199620231491338,-15.2138412916252,0,-0.342823898481527,-0.264574205619813
"3","g","=~","cog_rt",-0.286357685655993,0.0196913684185307,-14.5422948557762,0,-0.324952058562623,-0.247763312749363
"4","g","=~","cog_prosmem",0.318308630957401,0.020243666042073,15.7238629750091,0,0.278631774599881,0.357985487314921
"5","cog_vnr","~~","cog_vnr",0.725345519045547,0.0282279993965008,25.6959591381975,0,0.670019656872787,0.780671381218307
"6","cog_vismem","~~","cog_vismem",0.907766885783524,0.0121248945972946,74.8680228516027,0,0.884002529056483,0.931531242510566
"7","cog_rt","~~","cog_rt",0.917999275865743,0.0112775473198801,81.4006139657237,0,0.895895689284832,0.940102862446655
"8","cog_prosmem","~~","cog_prosmem",0.898679615458025,0.0128874680347004,69.7328298342441,0,0.873420642258101,0.923938588657949
"9","g","~~","g",1,0,NA,NA,1,1
